{
  "users": [
    {
      "id": "1",
      "username": "ignacio_doe",
      "password": "p@ssw0rd1",
      "name": "Ignacio Doe",
      "image": "https://global-uploads.webflow.com/5eecfecbe625d195e35b89f2/624bfb093da7d92733c001c0_Ignacio%20Villafruela%20Rodr%C3%ADguez.jpg"
    },
    {
      "id": "2",
      "username": "jane_bennett",
      "password": "p@ssw0rd2",
      "name": "Jane Bennett",
      "image": "https://global-uploads.webflow.com/5eecfecbe625d195e35b89f2/624bfb401d7131c760ca1c63_Elieska%20Lensink.jpg"
    }
  ]
}
